[
  {
    "testsuites": {
      "testsuite": [
        {
          "$": {
            "name": "Git url edit block",
            "timestamp": "2016-03-18T15:15:28",
            "hostname": "localhost",
            "time": "7.956",
            "errors": "0",
            "tests": "10",
            "skipped": "0",
            "disabled": "0",
            "failures": "0"
          },
          "testcase": [
            {
              "$": {
                "classname": "Git url edit block",
                "name": "should show the name of this module",
                "time": "0.304"
              }
            },
            {
              "$": {
                "classname": "Git url edit block",
                "name": "should display the right repository URL",
                "time": "0.198"
              }
            },
            {
              "$": {
                "classname": "Git url edit block",
                "name": "should link to the right repository URL",
                "time": "0.19"
              }
            },
            {
              "$": {
                "classname": "Git url edit block",
                "name": "should link to the right repository Clone URL",
                "time": "0.17"
              }
            },
            {
              "$": {
                "classname": "Git url edit block",
                "name": "should be able to change the git URL",
                "time": "1.57"
              }
            },
            {
              "$": {
                "classname": "Git url edit block",
                "name": "should show a notification on success",
                "time": "0.766"
              }
            },
            {
              "$": {
                "classname": "Git url edit block",
                "name": "should have no cancel button when in readOnlyMode",
                "time": "0.193"
              }
            },
            {
              "$": {
                "classname": "Git url edit block",
                "name": "should have no edit button when in write mode",
                "time": "0.607"
              }
            },
            {
              "$": {
                "classname": "Git url edit block",
                "name": "should show a notification on failure",
                "time": "1.406"
              }
            },
            {
              "$": {
                "classname": "Git url edit block",
                "name": "should have the input box disabled when in readOnlyMode",
                "time": "0.167"
              }
            }
          ]
        },
        {
          "$": {
            "name": "Git url edit block.nested test",
            "timestamp": "2016-03-18T15:15:30",
            "hostname": "localhost",
            "time": "0.68",
            "errors": "0",
            "tests": "2",
            "skipped": "0",
            "disabled": "0",
            "failures": "1"
          },
          "testcase": [
            {
              "$": {
                "classname": "Git url edit block.nested test",
                "name": "should fail anyway",
                "time": "0.392"
              },
              "failure": [
                {
                  "_": "Error: Failed expectation\n    at Object.<anonymous> (/tmp/1458310526560.1606:72:27)\n    at /home/yq63el/dev/fl-buildpack-common/node_modules/protractor/node_modules/jasminewd2/index.js:96:23\n    at new promise.Promise (/home/yq63el/dev/fl-buildpack-common/node_modules/protractor/node_modules/selenium-webdriver/lib/goog/../webdriver/promise.js:368:5)\n    at controlFlowExecute (/home/yq63el/dev/fl-buildpack-common/node_modules/protractor/node_modules/jasminewd2/index.js:82:18)\n    at [object Object].promise.ControlFlow.runInFrame_ (/home/yq63el/dev/fl-buildpack-common/node_modules/protractor/node_modules/selenium-webdriver/lib/goog/../webdriver/promise.js:1857:20)\n    at [object Object].promise.ControlFlow.runEventLoop_ (/home/yq63el/dev/fl-buildpack-common/node_modules/protractor/node_modules/selenium-webdriver/lib/goog/../webdriver/promise.js:1729:8)\n    at [object Object].eval (/home/yq63el/dev/fl-buildpack-common/node_modules/protractor/node_modules/selenium-webdriver/lib/goog/../webdriver/promise.js:2043:12)\n    at goog.async.run.processWorkQueue (/home/yq63el/dev/fl-buildpack-common/node_modules/protractor/node_modules/selenium-webdriver/lib/goog/async/run.js:130:15)\n    at process._tickCallback (node.js:369:9)\n   ",
                  "$": {
                    "type": "toBe",
                    "message": "Expected false to be true."
                  }
                }
              ]
            },
            {
              "$": {
                "classname": "Git url edit block.nested test",
                "name": "should fail half of the times, depending on the position of the stars",
                "time": "0.286"
              }
            }
          ]
        }
      ]
    }
  },
  {
    "testsuites": {
      "testsuite": [
        {
          "$": {
            "name": "Git url edit block",
            "timestamp": "2016-03-18T15:15:51",
            "hostname": "localhost",
            "time": "7.004",
            "errors": "0",
            "tests": "10",
            "skipped": "0",
            "disabled": "0",
            "failures": "0"
          },
          "testcase": [
            {
              "$": {
                "classname": "Git url edit block",
                "name": "should show the name of this module",
                "time": "0.268"
              }
            },
            {
              "$": {
                "classname": "Git url edit block",
                "name": "should display the right repository URL",
                "time": "0.22"
              }
            },
            {
              "$": {
                "classname": "Git url edit block",
                "name": "should link to the right repository URL",
                "time": "0.186"
              }
            },
            {
              "$": {
                "classname": "Git url edit block",
                "name": "should link to the right repository Clone URL",
                "time": "0.171"
              }
            },
            {
              "$": {
                "classname": "Git url edit block",
                "name": "should be able to change the git URL",
                "time": "1.357"
              }
            },
            {
              "$": {
                "classname": "Git url edit block",
                "name": "should show a notification on success",
                "time": "0.52"
              }
            },
            {
              "$": {
                "classname": "Git url edit block",
                "name": "should have no cancel button when in readOnlyMode",
                "time": "0.142"
              }
            },
            {
              "$": {
                "classname": "Git url edit block",
                "name": "should have no edit button when in write mode",
                "time": "0.424"
              }
            },
            {
              "$": {
                "classname": "Git url edit block",
                "name": "should show a notification on failure",
                "time": "1.329"
              }
            },
            {
              "$": {
                "classname": "Git url edit block",
                "name": "should have the input box disabled when in readOnlyMode",
                "time": "0.148"
              }
            }
          ]
        },
        {
          "$": {
            "name": "Git url edit block.nested test",
            "timestamp": "2016-03-18T15:15:52",
            "hostname": "localhost",
            "time": "0.609",
            "errors": "0",
            "tests": "2",
            "skipped": "0",
            "disabled": "0",
            "failures": "1"
          },
          "testcase": [
            {
              "$": {
                "classname": "Git url edit block.nested test",
                "name": "should fail anyway",
                "time": "0.425"
              },
              "failure": [
                {
                  "_": "Error: Failed expectation\n    at Object.<anonymous> (/tmp/1458310549356.085:72:27)\n    at /home/yq63el/dev/fl-buildpack-common/node_modules/protractor/node_modules/jasminewd2/index.js:96:23\n    at new promise.Promise (/home/yq63el/dev/fl-buildpack-common/node_modules/protractor/node_modules/selenium-webdriver/lib/goog/../webdriver/promise.js:368:5)\n    at controlFlowExecute (/home/yq63el/dev/fl-buildpack-common/node_modules/protractor/node_modules/jasminewd2/index.js:82:18)\n    at [object Object].promise.ControlFlow.runInFrame_ (/home/yq63el/dev/fl-buildpack-common/node_modules/protractor/node_modules/selenium-webdriver/lib/goog/../webdriver/promise.js:1857:20)\n    at [object Object].promise.ControlFlow.runEventLoop_ (/home/yq63el/dev/fl-buildpack-common/node_modules/protractor/node_modules/selenium-webdriver/lib/goog/../webdriver/promise.js:1729:8)\n    at [object Object].eval (/home/yq63el/dev/fl-buildpack-common/node_modules/protractor/node_modules/selenium-webdriver/lib/goog/../webdriver/promise.js:2043:12)\n    at goog.async.run.processWorkQueue (/home/yq63el/dev/fl-buildpack-common/node_modules/protractor/node_modules/selenium-webdriver/lib/goog/async/run.js:130:15)\n    at process._tickCallback (node.js:369:9)\n   ",
                  "$": {
                    "type": "toBe",
                    "message": "Expected false to be true."
                  }
                }
              ]
            },
            {
              "$": {
                "classname": "Git url edit block.nested test",
                "name": "should fail half of the times, depending on the position of the stars",
                "time": "0.182"
              }
            }
          ]
        }
      ]
    }
  },
  {
    "testsuites": {
      "testsuite": [
        {
          "$": {
            "name": "Git url edit block",
            "timestamp": "2016-03-18T15:16:12",
            "hostname": "localhost",
            "time": "7.207",
            "errors": "0",
            "tests": "10",
            "skipped": "0",
            "disabled": "0",
            "failures": "0"
          },
          "testcase": [
            {
              "$": {
                "classname": "Git url edit block",
                "name": "should show the name of this module",
                "time": "0.271"
              }
            },
            {
              "$": {
                "classname": "Git url edit block",
                "name": "should display the right repository URL",
                "time": "0.203"
              },
              "failure": [
                {
                  "_": "Error: Failed expectation   at Object.<anonymous> (/tmp/1458310570687.0645:72:27)\n    at /home/yq63el/dev/fl-buildpack-common/node_modules/protractor/node_modules/jasminewd2/index.js:96:23\n    at new promise.Promise (/home/yq63el/dev/fl-buildpack-common/node_modules/protractor/node_modules/selenium-webdriver/lib/goog/../webdriver/promise.js:368:5)\n    at controlFlowExecute (/home/yq63el/dev/fl-buildpack-common/node_modules/protractor/node_modules/jasminewd2/index.js:82:18)\n    at [object Object].promise.ControlFlow.runInFrame_ (/home/yq63el/dev/fl-buildpack-common/node_modules/protractor/node_modules/selenium-webdriver/lib/goog/../webdriver/promise.js:1857:20)\n    at [object Object].promise.ControlFlow.runEventLoop_ (/home/yq63el/dev/fl-buildpack-common/node_modules/protractor/node_modules/selenium-webdriver/lib/goog/../webdriver/promise.js:1729:8)\n    at [object Object].eval (/home/yq63el/dev/fl-buildpack-common/node_modules/protractor/node_modules/selenium-webdriver/lib/goog/../webdriver/promise.js:2043:12)\n    at goog.async.run.processWorkQueue (/home/yq63el/dev/fl-buildpack-common/node_modules/protractor/node_modules/selenium-webdriver/lib/goog/async/run.js:130:15)    at process._tickCallback (node.js:369:9)  ",
                  "$": {
                    "type": "toBe",
                    "message": "Expected false to be true."
                  }
                }
              ]
            },
            {
              "$": {
                "classname": "Git url edit block",
                "name": "should link to the right repository URL",
                "time": "0.19"
              }
            },
            {
              "$": {
                "classname": "Git url edit block",
                "name": "should link to the right repository Clone URL",
                "time": "0.165"
              }
            },
            {
              "$": {
                "classname": "Git url edit block",
                "name": "should be able to change the git URL",
                "time": "1.408"
              }
            },
            {
              "$": {
                "classname": "Git url edit block",
                "name": "should show a notification on success",
                "time": "0.532"
              }
            },
            {
              "$": {
                "classname": "Git url edit block",
                "name": "should have no cancel button when in readOnlyMode",
                "time": "0.142"
              }
            },
            {
              "$": {
                "classname": "Git url edit block",
                "name": "should have no edit button when in write mode",
                "time": "0.427"
              }
            },
            {
              "$": {
                "classname": "Git url edit block",
                "name": "should show a notification on failure",
                "time": "1.471"
              }
            },
            {
              "$": {
                "classname": "Git url edit block",
                "name": "should have the input box disabled when in readOnlyMode",
                "time": "0.182"
              }
            }
          ]
        },
        {
          "$": {
            "name": "Git url edit block.nested test",
            "timestamp": "2016-03-18T15:16:14",
            "hostname": "localhost",
            "time": "0.685",
            "errors": "0",
            "tests": "2",
            "skipped": "0",
            "disabled": "0",
            "failures": "1"
          },
          "testcase": [
            {
              "$": {
                "classname": "Git url edit block.nested test",
                "name": "should fail anyway",
                "time": "0.493"
              },
              "failure": [
                {
                  "_": "Error: Failed expectation\n    at Object.<anonymous> (/tmp/1458310570687.0645:72:27)\n    at /home/yq63el/dev/fl-buildpack-common/node_modules/protractor/node_modules/jasminewd2/index.js:96:23\n    at new promise.Promise (/home/yq63el/dev/fl-buildpack-common/node_modules/protractor/node_modules/selenium-webdriver/lib/goog/../webdriver/promise.js:368:5)\n    at controlFlowExecute (/home/yq63el/dev/fl-buildpack-common/node_modules/protractor/node_modules/jasminewd2/index.js:82:18)\n    at [object Object].promise.ControlFlow.runInFrame_ (/home/yq63el/dev/fl-buildpack-common/node_modules/protractor/node_modules/selenium-webdriver/lib/goog/../webdriver/promise.js:1857:20)\n    at [object Object].promise.ControlFlow.runEventLoop_ (/home/yq63el/dev/fl-buildpack-common/node_modules/protractor/node_modules/selenium-webdriver/lib/goog/../webdriver/promise.js:1729:8)\n    at [object Object].eval (/home/yq63el/dev/fl-buildpack-common/node_modules/protractor/node_modules/selenium-webdriver/lib/goog/../webdriver/promise.js:2043:12)\n    at goog.async.run.processWorkQueue (/home/yq63el/dev/fl-buildpack-common/node_modules/protractor/node_modules/selenium-webdriver/lib/goog/async/run.js:130:15)\n    at process._tickCallback (node.js:369:9)\n   ",
                  "$": {
                    "type": "toBe",
                    "message": "Expected false to be true."
                  }
                }
              ]
            },
            {
              "$": {
                "classname": "Git url edit block.nested test",
                "name": "should fail half of the times, depending on the position of the stars",
                "time": "0.19"
              }
            }
          ]
        }
      ]
    }
  }
]
