{
  "name": "spectingular-core",
  "version": "1.5.13",
  "dependencies": {
    "jquery": "1.10.2",
    "angular": "1.5.6",
    "angular-cookies": "1.5.6",
    "angular-sanitize": "1.5.6",
    "angular-touch": "1.5.6",
    "angular-resource": "1.5.6",
    "the-guide-styles": "latest"
  },
  "newStyle": true,
  "ignore": [],
  "moduleName": "ingGlobal",
  "main": "spectingular-core.js",
  "_release": "1.5.13",
  "_resolution": {
    "type": "version",
    "tag": "v1.5.13",
    "commit": "3eff00cfec576010f873f09651049135c2de9cc3"
  },
  "_source": "ssh://git@gitlab.ing.net:2222/Bower/bower-spectingular-core.git",
  "_target": "*",
  "_originalSource": "spectingular-core"
}