{
  "name": "gApprovalCustomerAssistedDirective",
  "version": "1.1.5",
  "dependencies": {
    "the-guide-styles": "latest",
    "spectingular-core": "latest"
  },
  "moduleName": "gApprovalCustomerAssistedDirective",
  "ignore": [],
  "main": "gApprovalCustomerAssistedDirective.js",
  "_release": "1.1.5",
  "_resolution": {
    "type": "version",
    "tag": "v1.1.5",
    "commit": "18e4ae556308afc18f6ffce871c89f133721bf6d"
  },
  "_source": "ssh://git@gitlab.ing.net:2222/Bower/bower-gApprovalCustomerAssistedDirective.git",
  "_target": "*",
  "_originalSource": "gApprovalCustomerAssistedDirective"
}