[{"testsuites":{"testsuite":[{"$":{"name":"Git url edit block","timestamp":"2016-03-18T15:16:12","hostname":"localhost","time":"7.207","errors":"0","tests":"10","skipped":"0","disabled":"0","failures":"0"},"testcase":[{"$":{"classname":"Git url edit block","name":"should show the name of this module","time":"0.271"}}]},{"$":{"name":"Git url edit block.nested test","timestamp":"2016-03-18T15:16:14","hostname":"localhost","time":"0.685","errors":"0","tests":"2","skipped":"0","disabled":"0","failures":"1"},"testcase":[{"$":{"classname":"Git url edit block.nested test","name":"should fail anyway","time":"0.493"},"failure":[{"_":"Error: Failed expectation\n    at Object.<anonymous> (/tmp/1458310570687.0645:72:27)\n    at process._tickCallback (node.js:369:9)\n   ","$":{"type":"toBe","message":"Expected false to be true."}}]}]}]}}]
